<annotation>
	<folder>images_to_check_inference_on</folder>
	<filename>105294_C253450148A_2022_11_05_11_34_25_AM.jpg</filename>
	<path>C:\Users\bawis\QuicSolv\SemiSupervised_annotations\Object_detection_corrector\projects\aadhar_masking\images_to_check_inference_on\105294_C253450148A_2022_11_05_11_34_25_AM.jpg</path>
	<source>
		<database>Unknown</database>
	</source>
	<size>
		<width>544</width>
		<height>367</height>
		<depth>3</depth>
	</size>
	<segmented>0</segmented>
	<object>
		<name>photo</name>
		<pose>Unspecified</pose>
		<truncated>1</truncated>
		<difficult>0</difficult>
		<bndbox>
			<xmin>5</xmin>
			<ymin>87</ymin>
			<xmax>144</xmax>
			<ymax>271</ymax>
		</bndbox>
	</object>
	<object>
		<name>photo</name>
		<pose>Unspecified</pose>
		<truncated>1</truncated>
		<difficult>0</difficult>
		<bndbox>
			<xmin>472</xmin>
			<ymin>74</ymin>
			<xmax>531</xmax>
			<ymax>152</ymax>
		</bndbox>
	</object>
	<object>
		<name>aadhar_no</name>
		<pose>Unspecified</pose>
		<truncated>1</truncated>
		<difficult>0</difficult>
		<bndbox>
			<xmin>158</xmin>
			<ymin>282</ymin>
			<xmax>377</xmax>
			<ymax>308</ymax>
		</bndbox>
	</object>
/annotation>
