<annotation>
  <folder>projects\aadhar_masking\images_to_check_inference_on</folder>
  <filename>105364_116356734_2022_11_03_3_09_49_PM.jpeg</filename>
  <path>projects\aadhar_masking\images_to_check_inference_on\105364_116356734_2022_11_03_3_09_49_PM.jpeg</path>
  <source>
    <database>Unknown</database>
  </source>
  <size>
    <width>960</width>
    <height>1280</height>
    <depth>3</depth>
  </size>
  <segmented>0</segmented>
  <object></object>
  <object>
    <name>photo</name>
    <pose>Unspecified</pose>
    <truncated>1</truncated>
    <difficult>0</difficult>
    <bndbox>
      <xmin>246.8488311767578</xmin>
      <ymin>158.91004943847656</ymin>
      <xmax>579.7454833984375</xmax>
      <ymax>428.63427734375</ymax>
    </bndbox>
  </object>
  <object>
    <name>photo</name>
    <pose>Unspecified</pose>
    <truncated>1</truncated>
    <difficult>0</difficult>
    <bndbox>
      <xmin>469.32757568359375</xmin>
      <ymin>1023.6343383789062</ymin>
      <xmax>590.1367797851562</xmax>
      <ymax>1118.4102783203125</ymax>
    </bndbox>
  </object>
  <object>
    <name>aadharNo</name>
    <pose>Unspecified</pose>
    <truncated>1</truncated>
    <difficult>0</difficult>
    <bndbox>
      <xmin>174.3665771484375</xmin>
      <ymin>463.35516357421875</ymin>
      <xmax>241.873291015625</xmax>
      <ymax>859.3893432617188</ymax>
    </bndbox>
  </object>
</annotation>