<annotation>
  <folder>projects\aadhar_masking\images_to_check_inference_on</folder>
  <filename>105383_116351826_2022_11_02_10_54_43_AM.png</filename>
  <path>projects\aadhar_masking\images_to_check_inference_on\105383_116351826_2022_11_02_10_54_43_AM.png</path>
  <source>
    <database>Unknown</database>
  </source>
  <size>
    <width>501</width>
    <height>371</height>
    <depth>3</depth>
  </size>
  <segmented>0</segmented>
  <object></object>
  <object>
    <name>qr_code</name>
    <pose>Unspecified</pose>
    <truncated>1</truncated>
    <difficult>0</difficult>
    <bndbox>
      <xmin>384.78826904296875</xmin>
      <ymin>206.42111206054688</ymin>
      <xmax>483.396484375</xmax>
      <ymax>301.7216491699219</ymax>
    </bndbox>
  </object>
  <object>
    <name>photo</name>
    <pose>Unspecified</pose>
    <truncated>1</truncated>
    <difficult>0</difficult>
    <bndbox>
      <xmin>22.91472625732422</xmin>
      <ymin>76.29119110107422</ymin>
      <xmax>118.73102569580078</xmax>
      <ymax>199.62071228027344</ymax>
    </bndbox>
  </object>
  <object>
    <name>aadharNo</name>
    <pose>Unspecified</pose>
    <truncated>1</truncated>
    <difficult>0</difficult>
    <bndbox>
      <xmin>155.19625854492188</xmin>
      <ymin>269.887939453125</ymin>
      <xmax>338.7857360839844</xmax>
      <ymax>293.63763427734375</ymax>
    </bndbox>
  </object>
</annotation>