<annotation>
  <folder>images_to_check_inference_on</folder>
  <filename>105334_116351784_2022_11_05_3_49_49_PM.jpeg</filename>
  <path>C:\Users\bawis\QuicSolv\SemiSupervised_annotations\Object_detection_corrector\projects\aadhar_masking\images_to_check_inference_on\105334_116351784_2022_11_05_3_49_49_PM.jpeg</path>
  <source>
    <database>Unknown</database>
  </source>
  <size>
    <width>1280</width>
    <height>960</height>
    <depth>3</depth>
  </size>
  <segmented>0</segmented>
  <object></object>
  <object>
    <name>qr_code</name>
    <pose>Unspecified</pose>
    <truncated>1</truncated>
    <difficult>0</difficult>
    <bndbox>
      <xmin>881</xmin>
      <ymin>266</ymin>
      <xmax>1067</xmax>
      <ymax>451</ymax>
    </bndbox>
  </object>
  <object>
    <name>photo</name>
    <pose>Unspecified</pose>
    <truncated>1</truncated>
    <difficult>0</difficult>
    <bndbox>
      <xmin>281</xmin>
      <ymin>145</ymin>
      <xmax>491</xmax>
      <ymax>418</ymax>
    </bndbox>
  </object>
  <object>
    <name>aadharNo</name>
    <pose>Unspecified</pose>
    <truncated>1</truncated>
    <difficult>0</difficult>
    <bndbox>
      <xmin>503</xmin>
      <ymin>441</ymin>
      <xmax>813</xmax>
      <ymax>482</ymax>
    </bndbox>
  </object>
</annotation>