<annotation>
  <folder>projects\aadhar_masking\images_to_check_inference_on</folder>
  <filename>105474_116356080_2022_11_03_11_52_13_AM.PNG</filename>
  <path>projects\aadhar_masking\images_to_check_inference_on\105474_116356080_2022_11_03_11_52_13_AM.PNG</path>
  <source>
    <database>Unknown</database>
  </source>
  <size>
    <width>483</width>
    <height>390</height>
    <depth>3</depth>
  </size>
  <segmented>0</segmented>
  <object></object>
  <object>
    <name>photo</name>
    <pose>Unspecified</pose>
    <truncated>1</truncated>
    <difficult>0</difficult>
    <bndbox>
      <xmin>15.163615226745605</xmin>
      <ymin>109.35970306396484</ymin>
      <xmax>142.9575958251953</xmax>
      <ymax>259.5606689453125</ymax>
    </bndbox>
  </object>
  <object>
    <name>photo</name>
    <pose>Unspecified</pose>
    <truncated>1</truncated>
    <difficult>0</difficult>
    <bndbox>
      <xmin>406.696533203125</xmin>
      <ymin>141.59584045410156</ymin>
      <xmax>452.4884338378906</xmax>
      <ymax>199.4934844970703</ymax>
    </bndbox>
  </object>
  <object>
    <name>aadharNo</name>
    <pose>Unspecified</pose>
    <truncated>1</truncated>
    <difficult>0</difficult>
    <bndbox>
      <xmin>121.59234619140625</xmin>
      <ymin>280.0880432128906</ymin>
      <xmax>317.2314453125</xmax>
      <ymax>312.8767395019531</ymax>
    </bndbox>
  </object>
</annotation>