<annotation>
  <folder>projects\aadhar_masking\images_to_check_inference_on</folder>
  <filename>105414_C239035558_2022_11_03_9_54_55_AM.png</filename>
  <path>projects\aadhar_masking\images_to_check_inference_on\105414_C239035558_2022_11_03_9_54_55_AM.png</path>
  <source>
    <database>Unknown</database>
  </source>
  <size>
    <width>231</width>
    <height>153</height>
    <depth>3</depth>
  </size>
  <segmented>0</segmented>
  <object></object>
  <object>
    <name>qr_code</name>
    <pose>Unspecified</pose>
    <truncated>1</truncated>
    <difficult>0</difficult>
    <bndbox>
      <xmin>171.47825622558594</xmin>
      <ymin>72.06687927246094</ymin>
      <xmax>222.374267578125</xmax>
      <ymax>120.78872680664062</ymax>
    </bndbox>
  </object>
  <object>
    <name>aadharNo</name>
    <pose>Unspecified</pose>
    <truncated>1</truncated>
    <difficult>0</difficult>
    <bndbox>
      <xmin>68.16593170166016</xmin>
      <ymin>114.90933990478516</ymin>
      <xmax>156.1117706298828</xmax>
      <ymax>125.6473388671875</ymax>
    </bndbox>
  </object>
  <object>
    <name>photo</name>
    <pose>Unspecified</pose>
    <truncated>1</truncated>
    <difficult>0</difficult>
    <bndbox>
      <xmin>10.494771003723145</xmin>
      <ymin>49.407249450683594</ymin>
      <xmax>63.38376235961914</xmax>
      <ymax>119.47698974609375</ymax>
    </bndbox>
  </object>
</annotation>