<annotation>
  <folder>projects\aadhar_masking\images_to_check_inference_on</folder>
  <filename>105538_116360611_2022_11_03_10_24_01_AM.jpeg</filename>
  <path>projects\aadhar_masking\images_to_check_inference_on\105538_116360611_2022_11_03_10_24_01_AM.jpeg</path>
  <source>
    <database>Unknown</database>
  </source>
  <size>
    <width>1204</width>
    <height>1600</height>
    <depth>3</depth>
  </size>
  <segmented>0</segmented>
  <object></object>
  <object>
    <name>photo</name>
    <pose>Unspecified</pose>
    <truncated>1</truncated>
    <difficult>0</difficult>
    <bndbox>
      <xmin>152.4058380126953</xmin>
      <ymin>686.135009765625</ymin>
      <xmax>406.0504150390625</xmax>
      <ymax>990.1123657226562</ymax>
    </bndbox>
  </object>
  <object>
    <name>photo</name>
    <pose>Unspecified</pose>
    <truncated>1</truncated>
    <difficult>0</difficult>
    <bndbox>
      <xmin>925.9134521484375</xmin>
      <ymin>687.7893676757812</ymin>
      <xmax>1025.04736328125</xmax>
      <ymax>794.1015014648438</ymax>
    </bndbox>
  </object>
  <object>
    <name>aadharNo</name>
    <pose>Unspecified</pose>
    <truncated>1</truncated>
    <difficult>0</difficult>
    <bndbox>
      <xmin>422.32373046875</xmin>
      <ymin>1007.0242309570312</ymin>
      <xmax>761.1297607421875</xmax>
      <ymax>1048.2984619140625</ymax>
    </bndbox>
  </object>
</annotation>