<annotation>
  <folder>projects\aadhar_masking\images_to_check_inference_on</folder>
  <filename>105609_116517426_2022_11_03_12_39_43_PM.jpeg</filename>
  <path>projects\aadhar_masking\images_to_check_inference_on\105609_116517426_2022_11_03_12_39_43_PM.jpeg</path>
  <source>
    <database>Unknown</database>
  </source>
  <size>
    <width>1600</width>
    <height>900</height>
    <depth>3</depth>
  </size>
  <segmented>0</segmented>
  <object></object>
  <object>
    <name>photo</name>
    <pose>Unspecified</pose>
    <truncated>1</truncated>
    <difficult>0</difficult>
    <bndbox>
      <xmin>362.74688720703125</xmin>
      <ymin>329.423095703125</ymin>
      <xmax>553.3361206054688</xmax>
      <ymax>536.7675170898438</ymax>
    </bndbox>
  </object>
  <object>
    <name>aadharNo</name>
    <pose>Unspecified</pose>
    <truncated>1</truncated>
    <difficult>0</difficult>
    <bndbox>
      <xmin>556.5828857421875</xmin>
      <ymin>626.2863159179688</ymin>
      <xmax>894.993408203125</xmax>
      <ymax>666.6378784179688</ymax>
    </bndbox>
  </object>
</annotation>